date,time,country,review
2023-02-19,10:30 AM,USA,"This app is so helpful for keeping track of my electricity usage. It's easy to use and provides valuable insights that have helped me lower my bill."
2023-02-18,2:15 PM,Canada,"This app is okay. It does the job of tracking my electricity usage, but it's not very user-friendly and the interface could use some work."
2023-02-17,8:00 PM,Mexico,"Estoy muy decepcionado con esta aplicación. Se supone que debe ayudarme a ahorrar dinero en mi factura de electricidad, pero no es precisa y no proporciona ninguna información útil."
2023-02-16,11:45 AM,UK,"I love this app! It's so easy to use and helps me stay on top of my electricity usage. The energy-saving tips are also really useful."
2023-02-15,4:20 PM,France,"Cette application est terrible. Elle est lente, buggy, et ne me montre même pas ma consommation électrique actuelle. Je ne la recommanderais à personne."
2023-02-14,1:00 PM,Japan,"このアプリはとても役に立ちます。電気使用量を追跡するのに役立ち、使いやすいです。節電のヒントも役に立ちます。"
2023-02-13,6:45 PM,Germany,"Die App ist in Ordnung. Es erledigt die Arbeit, meinen Stromverbrauch zu verfolgen, aber es ist nicht sehr benutzerfreundlich und die Benutzeroberfläche könnte besser sein."
2023-02-12,9:30 AM,Brazil,"Essa aplicação é horrível. É lenta, cheia de bugs e não mostra nem mesmo o meu uso atual de eletricidade. Eu não recomendaria para ninguém."
2023-02-11,7:00 PM,India,"यह ऐप मेरे बिजली उपयोग को ट्रैक करने के लिए बहुत मददगार है। यह उपयोग करने में आसान है और मेरे बिल कम करने में मेरी मदद किए गए मूल्यवान दृष्टिकोण प्रदान करता है।"
2023-02-10,11:30 AM,Australia,"This app is amazing! It's helped me identify areas where I can save electricity and lower my bill. I highly recommend it to anyone looking to manage their energy consumption."
2023-02-18,9:00 AM,USA,"I've been using this app for a few weeks now and it's been really helpful in tracking my electricity usage. I like the daily and weekly reports that show me how much electricity I've used and the energy-saving tips are a nice bonus."
2023-02-17,6:45 PM,Canada,"This app is great! It's easy to use and has helped me keep track of my electricity usage. I especially like the energy-saving tips."
2023-02-16,1:30 PM,UK,"I would definitely recommend this app to anyone looking to save money on their electricity bill. It's user-friendly and has helped me identify areas where I can cut back on my usage."
2023-02-15,8:15 AM,Australia,"I really like this app. It's helped me stay on top of my electricity usage and the energy-saving tips are really helpful."
2023-02-14,4:00 PM,India,"This app has been a game-changer for me. It's helped me track my electricity usage and identify areas where I can save money. The energy-saving tips are also really useful."